<?xml version="1.0" encoding="UTF-8"?>
<beans xmlns="http://www.springframework.org/schema/beans"
    xmlns:xsi="http://www.w3.org/2001/XMLSchema-instance"
    xmlns:context="http://www.springframework.org/schema/context"
    xsi:schemaLocation="http://www.springframework.org/schema/beans
    http://www.springframework.org/schema/beans/spring-beans-3.0.xsd
    http://www.springframework.org/schema/context
    http://www.springframework.org/schema/context/spring-context-3.0.xsd"> 
  
	<!--bean id="hellobean" class="com.spring.welcome.Printhello"-->  
	<!--property name="name" value="hari"></property-->
	<!--/bean-->  
	<context:annotation-config/>
	<context:component-scan base-package="com.spring.assignment5" ></context:component-scan>
	<bean id = "pojo" class="com.spring.assignment1.Test">
	<property name="name" value = "raj" ></property>
	</bean>
	<bean id="employee1" class = "com.spring.assignment2.Employee1">
	<property name="addresslist">
	<list>
	<value>kmm</value>
	<value>hyd</value>
	</list>
	</property>
	<property name="projectlist">
	<list>
	<value>nokia</value>
	<value>baan</value>
	</list>
	</property>
	</bean>
	<bean id="cycle" class="com.spring.assignment3.Cycle"  >
	<property name = "name" value = "penny"></property>	
	</bean>
	<bean id="par"  abstract="true">
	<property name="name" value = "penny"></property></bean>
	<bean id="child" class ="com.spring.assignment3.Child" parent = "par"></bean>
	<bean id = "address" class = "com.spring.assignment4.Address">
	<property name="route" value = "straight to hyd"></property>
	</bean>
  	<bean id = "customer" class = "com.spring.assignment4.Customer" autowire = "byName">

  	</bean>
  	<bean id = "customer1" class = "com.spring.assignment5.Customer1" >

  	</bean>
</beans> 